<!DOCTYPE suite SYSTEM "http://testng.org/testng-1.0.dtd" >
<!-- <?xml version="1.0" encoding="UTF-8"?> -->
<suite name="LocalisationTesting" parallel="tests" thread-count="2">
<parameter name="testcases" value="5"/>
<parameter name="test" value="TC_00"/>
<parameter name="startoftest" value="1"/>
<parameter name="localisation" value="yes"/>
<listeners>
<!-- <listener class-name="Com.App_Functions.AnnotationTransformer"></listener> -->
</listeners>
<test name="ChromeBrowserTest">
<parameter name="browser" value="Chrome"/>
<parameter name="src" value="ExpectedSrc"/>
<parameter name="attribute" value="AttributeName"/>
<parameter name="pageurl" value="PageUrl"/>
<parameter name="locale" value="Locale"/>
<!-- <parameter name="regionUrl" value="it-it/index.html"/> -->
<!-- <groups>
<define name= "all">
<include name="smoke"/>
<include name="functional"/>
</define>
<run>
<include name="all"/>
</run>
</groups> -->
<classes>
<class name="Com.App_Functions.WebDriver_Instance"/>
<!-- <class name="Com.Test_Classes.Test_Class1"/> -->
<class name="Com.Test_Classes.Localization_Test"/>
</classes>
</test>
<!-- <test name="IeBrowserTest">
<parameter name="browser" value="InternetExplorer"/>
<parameter name="src" value="ExpectedSrc"/>
<parameter name="attribute" value="AttributeName"/>
<parameter name="pageurl" value="PageUrl"/>
<groups>
<define name= "all">
<include name="smoke"/>
<include name="functional"/>
</define>
<run>
<include name="all"/>
</run>
</groups>
<classes>
<class name="Com.App_Functions.WebDriver_Instance"/>
<class name="Com.Test_Classes.Test_Class1"/>
</classes>

</test> -->

</suite>